Predicted Sales,Actual Sales
52788.6779,60648
48955.43623,39071
76160.68518,57542
125716.8126,80172
280760.7156,214892
36743.45939,47315
40428.25195,36189
42312.87378,25544
38288.84895,36749
36497.62336,30588
40572.41783,27595
29146.92428,32905
43649.29283,52245
54899.34946,60787
37035.22807,65208
33349.24345,23788
37296.20402,25334
75198.5778,56603
37677.23988,33544
70464.28955,63137
51599.46644,70133
31311.3883,46642
59682.87529,26141
49495.21228,38326
26384.23081,24730
36327.80909,69610
39196.18353,30807
36946.07127,41977
50072.29806,47230
50391.91802,51490
28704.10721,31871
42094.9839,51948
42558.95652,26374
39832.49151,23712
37706.42669,39159
35538.01803,31014
28496.82741,25452
39492.87976,23059
73564.49318,82776
35295.91565,27425
29328.80994,31694
52925.03837,69455
48879.82086,44041
42310.3116,83158
27211.49942,25954
38417.71114,42220
57743.33616,30467
45885.10056,55237
39667.43254,32294
58316.34505,29862
44877.84894,41669
73096.82457,55087
45947.85905,40927
40438.83795,39615
48199.0866,49071
52421.73393,34450
41593.11525,40018
49791.4306,34567
44089.33146,43541
51728.619,66029
37504.22168,46053
42246.69736,47175
61808.70959,56917
44719.56534,28592
35481.20781,35573
41121.13492,99649
42326.36363,29123
62692.91097,64572
24032.03089,28395
49381.56035,34973
31905.05675,24578
32683.37724,25610
69540.47721,114879
34023.63078,23377
45555.47322,39785
37119.19672,25031
100276.0257,135502
37059.84685,39770
42966.66683,35542
30097.2575,23789
86843.51831,105370
61510.15319,73681
31251.03278,22875
38831.00699,26335
73943.31751,49110
29166.18796,29625
45971.52835,53620
26934.36169,23082
48022.03997,23248
71372.28185,45010
46632.60638,47762
30860.17002,29929
31427.52379,27301
32624.75037,24775
62682.44071,45924
27540.29153,24351
46487.91861,32756
86675.92494,101608
38283.16369,73379
39845.80545,48168
39302.55248,27697
31129.70838,28605
52958.28657,63315
48098.63195,29242
35492.84405,26815
42948.43136,27209
37861.99634,50080
38375.16878,56721
29079.86596,38593
41456.86077,52473
71847.16993,51794
47883.29017,66350
29151.9298,30283
47613.66728,49053
59682.36295,53960
29597.90803,27953
36765.77591,31791
100008.892,188002
61731.68789,51242
28963.05243,24797
40080.21587,140316
68211.06769,57222
26926.8577,25193
37705.3286,24350
81540.87494,103002
63891.04923,54449
43741.00193,34275
47008.12247,37729
41056.70404,25947
40420.39893,55220
34513.36147,31816
42362.22779,35559
42124.23988,29583
50382.62371,72782
46463.60367,81067
37381.73487,33985
52726.65858,49794
41608.32996,25581
25652.31207,22977
43060.88039,34592
72897.50912,36330
33154.83182,23319
81581.57671,142212
48515.95515,34478
48315.37749,60545
41029.63987,78727
65055.18716,66644
36900.87932,33885
43056.6902,26858
41791.81908,32230
33941.58851,25582
32924.93661,25944
25074.71857,27463
48719.36974,54031
59561.15001,53089
53101.14731,40465
63321.64337,68838
43398.36915,42517
38355.66661,41172
35848.88522,24398
44836.64436,31027
34553.35295,28355
31208.61938,24855
67800.634,65897
58557.38028,65054
38546.1706,27635
81752.41059,108750
36328.35749,45068
47089.34487,36371
35489.68992,22794
34341.83175,25643
34923.2886,31428
28452.97357,26302
75432.72487,68792
68420.04709,73317
37173.63073,25640
35992.49778,33512
25207.96896,27455
33755.58476,26158
39803.1266,64709
60486.09259,83781
54312.74275,26395
35453.82972,25736
29490.5229,25384
49704.72021,36897
119885.6701,178092
34642.00856,51384
35687.32932,26349
29200.72765,33500
38999.84812,27986
39963.79159,34105
47649.15153,38855
70443.23394,91464
61229.6311,35394
274407.3195,159357
34258.58229,61268
29695.72805,46224
32874.25675,25783
52257.97017,62809
43744.48483,27308
50397.47169,48627
33697.58007,23311
43538.94884,35103
54034.77133,60539
42545.63797,37199
41135.16138,39703
49438.34295,32398
47008.55871,50837
28874.32345,27909
25291.63912,29270
69899.63642,75229
28512.6768,52443
26287.69331,23006
51494.77672,98094
249820.9198,223996
59239.9534,25006
86077.6501,31952
46220.51305,47316
60317.96364,54089
55551.48573,134772
170065.0091,164742
40555.22949,45547
64311.40254,48880
41958.9479,33984
32103.78716,40638
27555.34989,27253
33045.61522,34640
42620.52079,52477
73906.65132,198379
32547.80956,30788
29554.57882,39466
29571.92263,26593
52758.12827,46721
132342.9848,127755
42643.36152,31831
120816.0616,127217
39132.8818,64878
38170.20323,22904
43120.82845,48044
33017.79912,32800
104752.4974,65289
22080.32737,30112
35076.1221,58949
29707.43657,23929
35664.86812,23846
34817.06976,38416
26174.10019,36158
47933.91542,52725
46564.85191,37737
57024.99958,66643
117665.7228,197146
43287.90375,39766
36334.6358,25832
30841.90704,31339
54817.92975,65596
70320.84381,76536
63903.69409,124107
48620.01247,59006
30189.13707,49474
34323.95962,27244
56359.05061,54443
33297.03899,34956
57713.29617,54199
29172.06617,23663
25664.56693,25626
33767.51423,31154
43034.80234,41797
47598.91632,26731
117868.5171,154445
37902.18339,32688
51152.43587,44513
30848.43357,23316
39926.75946,48459
85374.14981,122140
40493.27071,25716
37321.31041,38912
37142.72504,23881
82756.05918,122734
58288.92437,77457
40907.45937,28034
40065.89005,44525
26838.82894,23618
102724.2247,204370
35275.24076,23532
28652.68887,22934
33549.50795,32658
49255.07295,41025
39021.60052,29800
46271.40349,57925
44554.59515,47007
28749.50217,28690
40728.03771,36154
69672.08545,62009
46863.68224,33054
48110.72967,30747
22336.38444,23032
42057.41554,23284
23818.83985,27003
48256.81551,57145
47858.50175,37810
44243.49504,23840
48232.89527,37686
46106.35096,58055
38719.31617,31082
114008.9647,134876
37658.87129,29509
42181.68135,38681
61332.19502,27165
32595.59031,24795
25619.10536,28408
65912.16429,95643
73458.02359,57281
33765.48215,26443
40063.43258,54833
28677.63673,31195
37961.0786,34560
47444.71582,60052
47146.45434,25085
33756.08081,46654
88101.25507,66793
63350.8036,85033
51994.86814,38436
60412.58577,72832
44664.48509,29303
115160.0566,151608
68929.38823,37070
33500.47368,24901
32143.80369,33028
38552.79769,43347
87718.41281,60966
45396.79807,74435
44481.85221,39673
32950.81691,57845
38007.94718,28383
86993.99188,171561
34307.63397,23744
46361.6375,39284
37144.66736,24857
32700.06866,34250
36655.3415,44858
39355.19988,36001
93564.11403,51381
51565.38861,43922
48272.47516,27489
53026.32221,31705
62928.23798,34130
63377.82125,67876
47988.29076,47101
42455.25803,26078
34224.0285,33850
34834.0616,29123
64733.03846,50117
42250.38198,23948
31806.05245,35351
62973.55677,24802
63929.21993,65277
36789.74178,32003
63639.41459,36698
46230.16707,33397
52579.02887,49153
42168.10227,30466
32306.54673,25023
31487.2843,23977
40191.15722,26651
44803.64409,25899
50152.36822,74817
37111.79028,29109
35788.1904,25282
37860.64844,56176
37165.36412,45622
37025.20011,24881
29072.39319,26019
39781.34606,30155
117451.7016,75813
63440.63751,102792
31540.06947,23354
46328.63106,49383
65335.00418,56506
34706.46576,23564
40455.75383,69886
34088.97884,29598
48544.15434,34917
36333.1274,24239
57912.52695,67800
29146.13141,25183
40383.57007,22804
33927.05891,38846
34498.7534,25820
52202.75553,39726
52588.52491,42265
30801.14339,42058
37170.74092,31643
35998.2962,59019
122331.4398,137205
52929.54474,36268
37905.65899,26690
58731.37604,32547
32554.26839,29054
42187.15654,38485
47021.73162,31345
46383.68572,34610
31930.43317,27877
42854.04648,57240
65736.14248,51727
56565.44591,47114
40797.99324,33159
33391.74541,28036
56300.26421,64367
31975.68593,30745
66852.45521,61339
35239.29455,34459
28937.72814,60592
77337.36956,46983
54463.96321,93362
37953.61337,31722
42273.44512,36958
105193.7546,53561
29160.4473,28778
58069.54279,54690
38577.68609,27573
45637.34635,57912
56546.42263,50888
48437.01321,33874
54376.87254,59875
39639.3282,32953
32959.94001,24321
69184.18632,42555
47759.96238,39373
73375.40323,24095
284974.9824,123877
58188.39181,45070
33930.26467,25521
79102.23997,83686
40694.98685,44931
50570.87958,30221
65063.4749,95114
43093.08415,32205
56332.67525,70454
29748.70871,22914
32975.65231,28203
43248.45982,40509
25229.59019,28709
61316.80919,48097
30000.82143,33158
34159.67793,24309
48608.36245,26488
48128.42935,34137
36277.57151,38945
33283.1166,28258
23811.26348,28036
37016.51404,48690
33743.6606,36809
43065.60052,34302
69892.74911,99061
40830.75311,29627
169008.1488,141984
36170.39665,31799
27727.76193,41286
29295.08585,26267
31542.55009,24328
141713.7587,80287
34336.86179,29642
35879.31027,26480
34069.13526,27604
31269.31874,29035
33682.24736,32563
34243.46606,34143
52004.9097,28355
28448.39456,39048
34647.98365,27900
26008.8115,32926
33164.68472,23271
37901.10009,47161
33832.09643,28196
55331.58983,23355
37149.98552,29024
31992.41759,27430
33151.28698,27455
26318.02407,30367
38500.22652,32970
26665.39385,28037
26104.23126,25554
47683.37598,77357
31598.89463,29187
29046.54218,26720
40929.01806,28605
36504.55423,28304
105740.0357,65567
37782.19649,46008
43530.0513,55232
47498.20322,63841
24940.19174,25965
79902.57034,26393
48745.02794,31851
35992.54994,28217
26290.75648,31994
31516.00231,35025
48644.82521,41034
43017.65403,23513
52407.49955,47118
39996.71853,30340
41955.01872,39725
49946.71984,34625
31304.55785,23114
208311.5207,222450
37816.92159,35782
27452.26285,23446
65512.66767,80388
46238.05739,51706
60470.23984,70719
34223.88442,27071
40661.43882,33522
30957.42168,24917
40298.0435,37157
29936.35418,108025
38679.54853,40018
68681.94588,74603
34116.77758,24942
28367.69224,55027
37539.46724,49613
49274.04365,27102
34138.61657,40643
40943.74192,35734
42407.19906,25185
32094.46324,25901
51850.45919,43038
40631.555,38613
75685.66816,32310
62078.22137,40627
24764.94693,25744
52464.59428,24086
93322.73896,60400
42956.35721,32840
43476.79336,26985
51238.72687,38728
48469.89762,70396
58479.52765,57662
63885.80223,70474
39386.31343,28480
33460.64386,25373
31605.26033,42023
71827.11299,78837
45222.72745,64378
48658.66405,44010
40447.38833,35375
51789.10473,40496
52979.10242,43715
57968.53192,45597
31165.0021,22842
47607.25474,41402
37429.38005,28563
53994.51145,109856
49510.33684,41525
123533.7912,82432
26767.69854,25448
32196.08167,36893
53343.49332,75416
43752.74134,69485
33220.38102,25948
72626.31609,51883
61036.59633,41631
63276.47221,50976
33063.36316,22938
25403.09633,28112
37253.19289,34420
50418.43518,33974
41316.42914,36834
126044.9099,117733
34539.4998,24534
58255.50169,52354
35980.3787,25665
30788.35949,27449
36009.91783,32910
35193.89104,26627
43713.59994,60493
46189.85664,50900
25438.89336,24490
100228.9061,114846
27235.13045,44530
47541.87211,55899
40288.29259,26984
37173.73963,23732
28707.47339,30834
116948.8934,89379
31299.63738,25754
38750.28157,29512
46773.60729,51677
31421.17782,39093
33145.40321,88000
78437.0716,155686
29873.41722,24298
99928.38925,110384
74972.16993,128190
28557.97257,30145
77021.43981,58446
33583.18902,25491
37751.55564,39480
37336.74088,41196
69989.59313,90223
42624.7986,34973
31601.74696,40255
24454.89205,25160
37740.59153,24657
112854.8159,131928
35113.61384,27900
51503.12994,88897
172128.6408,122288
74943.31803,87277
30422.44614,56235
110920.617,106497
33629.75803,48331
30891.44837,23145
56574.0808,60834
58437.48292,54069
106887.4498,148589
77341.2438,107154
37537.5277,29900
113161.0915,229355
27101.60841,24456
50163.00747,32343
55107.03183,49999
62642.26374,43255
44313.20044,34101
29675.47183,23609
27536.74958,24596
61617.12735,44777
52035.0947,45328
53107.92571,62980
33834.98271,25671
33850.90235,24477
37825.32682,36409
32472.90207,26183
44128.8677,55720
53113.29709,27163
42030.3238,81099
27013.71223,24131
49173.58818,29467
21885.51672,25788
49050.42599,63125
66686.22058,54058
44554.31007,24220
39202.33133,27911
36969.49974,27487
40419.869,30906
29819.79692,23937
34331.34359,25620
34677.45785,49971
61660.2309,24919
30269.083,30564
28038.58427,23858
29542.52737,45084
33571.07323,26272
34764.77836,37611
32966.02402,55113
45076.6645,39204
32338.69999,27134
41117.48813,52521
33375.37597,26240
30152.86823,30043
25039.43185,24361
67304.18094,36323
32930.82048,22906
33372.58065,26635
162053.9224,198891
31325.31978,30406
41594.45492,30717
42900.95003,45169
48560.41121,31190
44537.78116,27305
27654.95997,33579
60577.00176,34496
37760.2042,26096
50953.34545,33020
35971.86379,22853
50148.65215,95807
38339.91743,44406
63014.02547,71065
47214.57686,28588
30556.3652,26129
41592.09177,33027
35309.63259,30740
39779.78261,47248
30642.15152,29983
41076.01966,32462
30581.08219,35332
53626.81777,56887
31290.59034,30428
60755.65707,34385
58696.14854,90461
33278.54838,24479
33231.32246,23308
41881.43358,47243
32137.77812,25474
108074.6048,128941
37034.98956,32308
29859.93883,24380
38882.32382,33477
33778.89321,24244
32293.28073,25409
38010.88314,34577
46701.54477,52620
33179.26481,77090
29256.82051,34591
82329.11805,58890
35428.73592,22945
58527.01034,75286
32065.72752,46825
31662.92906,35009
42818.41269,35410
40804.53587,42575
35366.76864,39728
32041.85863,25228
32483.219,29581
42073.50929,32031
45605.54134,23668
37566.46854,28297
31194.27711,61727
56529.50248,29350
42942.60586,59289
45140.32397,44528
24335.22165,23272
30269.4742,31631
72074.98052,45195
39181.34681,37320
39642.95051,27872
53407.41132,30338
33904.0961,26293
33139.05223,25655
42360.64178,51003
50233.91031,36572
89028.48588,50145
52345.59941,72358
139177.3205,123486
33356.56298,25198
88492.2187,134044
34416.8891,23834
31316.06105,31517
35481.70149,23858
28499.20352,36732
66363.34381,40011
59299.19152,78843
29918.43588,22979
32515.73084,24631
36451.592,23975
47454.22789,27851
171436.2746,88477
39946.28304,29135
82332.91069,55941
49165.02912,103085
38753.26672,26430
45945.74782,61766
66458.60258,41470
34421.3366,24102
44685.55584,31450
48357.23409,32476
43988.85854,29785
28200.765,27815
54705.77088,37607
56063.80839,87947
36096.00386,49257
28849.38976,25329
64037.89439,58948
58943.69284,31062
71144.49363,45841
31558.34397,25679
51352.13027,45954
43078.09372,28808
37708.18988,26071
46230.05526,62981
38638.03149,59788
81767.1963,120636
42914.49477,44211
33447.67338,27282
57185.5306,62791
89186.14142,54134
37249.41015,32692
43256.72969,47690
31937.20847,22982
40776.52604,28462
78953.57487,27690
46700.46012,27116
80230.72202,170676
36958.16741,36959
32232.93325,26116
53216.45069,40506
87223.11238,48942
50589.80216,50749
85662.07348,71918
66467.36025,74363
47310.55916,22833
29749.01095,23384
53981.60425,30873
85060.03335,102367
30795.37079,54530
43122.86725,28517
31066.23713,24435
58972.45144,39821
114502.1491,99696
37530.16357,32909
40119.7435,26624
49992.43625,80175
38846.80612,23099
34333.66252,30170
53998.15017,38047
31980.10896,29406
40133.22872,52831
30492.92327,23983
32105.35606,27162
77164.85521,118441
24109.90043,24627
51269.67507,47425
42527.51445,35699
37916.80296,26987
42787.46696,33790
33605.62504,35334
41561.3389,39185
42370.75338,23211
110433.6279,128032
40157.66587,61938
47678.57846,44996
46165.3186,30967
21071.70157,23272
34080.33036,39601
50562.58175,39580
59538.84674,39412
47513.85203,41169
52431.17962,54444
44613.97451,27955
63721.88362,61473
36807.04781,36934
38502.44294,34637
27133.98922,23091
43345.24245,47160
38346.62037,24244
29349.62507,24951
40717.34768,45247
35491.36547,34576
46433.26501,46623
45306.93841,38911
42915.42175,51825
133530.5013,176096
40319.17564,42982
30068.19885,42815
45663.45363,33584
28822.02461,41438
32752.52462,70721
43695.47733,46336
31368.4007,27710
41185.78238,37771
44393.17025,57111
258530.1515,218802
87034.56816,63937
36045.91986,31726
34596.78126,37929
37141.95753,24953
37064.94687,22995
88147.4373,227556
43209.89711,23381
37997.53659,25048
62310.35896,83819
44329.31481,62885
28299.66049,28272
57690.29609,72707
35684.54563,28739
51584.23581,27723
42402.74633,34824
35479.37016,35371
49954.73301,40754
40130.76117,29441
59018.33321,52146
29446.05969,24139
29594.70941,28861
72874.74768,45998
39080.41904,29627
30641.82969,29145
46463.43833,53919
48446.2036,37661
51815.46756,62629
37577.13827,26959
36617.83849,30039
39992.37981,35223
39924.06772,26952
29501.46987,22743
46669.70184,36387
35988.63357,30959
55620.43662,96928
31806.58785,23341
38472.84968,43981
47487.6413,53071
58910.69531,74879
80008.95517,61666
46522.46108,69525
42998.60247,30173
46465.16649,61056
37808.44951,31230
52193.77208,75664
40646.42479,39001
49136.24947,75833
82659.79659,61899
57305.91067,22855
39084.33333,36803
30258.1875,23314
42386.85829,36215
34798.17742,39458
77007.48282,24528
47195.26159,71215
36113.10056,41305
42115.39303,48686
37086.52949,23335
33210.63956,37826
36052.17399,24445
26478.10221,33392
38411.16843,29256
47326.18356,43499
54341.867,26224
47386.06269,39650
38846.53175,51576
56609.24604,38335
47027.38925,77071
51017.487,59957
31830.37768,42828
31730.19996,28360
36139.2679,36925
35384.37618,29077
76239.64608,37085
39582.87169,28754
29007.99673,30198
39884.512,39730
36427.26696,31516
42157.55481,24631
78580.51767,74984
128578.6456,104576
34065.33934,23988
28358.16744,25101
38370.26148,36641
66281.72264,34790
85578.67493,62484
34183.46859,24162
51522.37923,91222
54408.1292,36281
65924.17491,56272
41993.7788,23810
66873.16075,82279
38642.85162,33977
40294.15728,31210
23733.6545,28095
34312.07536,26762
51490.38508,72714
38109.60394,32841
73018.27459,169720
43683.91012,30665
35696.81184,29919
52825.88924,34244
54557.49334,50466
33913.8887,33762
47619.43043,42281
44373.39332,33373
34349.81646,33140
28851.47501,23717
31889.28559,23050
24555.84825,24730
44126.28378,43203
26245.78938,25064
49450.84575,41937
34174.79527,23820
48857.3608,100827
58497.48518,52812
91162.74028,79876
46661.10136,91958
36842.88627,26514
36851.20781,34237
36178.68882,22877
40446.31365,26605
31658.19492,29514
87014.06221,78657
56145.62317,31228
36711.76744,39951
29662.24389,24129
49824.80588,42272
32574.67754,24066
37697.33173,25724
32879.80107,33369
30992.21486,23390
42981.65473,31936
40206.12837,28086
51534.88779,53562
28078.27201,25068
50260.67256,42144
38324.36862,34921
40298.30115,38910
49835.59213,40413
32257.06943,30097
50922.68994,39089
51245.89878,49440
32977.12539,51748
97776.31168,160085
65642.75679,100204
35061.25325,27029
74586.86926,75534
46218.25074,32765
55694.88139,120140
43895.06305,46257
35347.31696,34460
40095.91254,33415
28852.52266,26267
53704.45517,43698
98843.61669,65989
38442.51522,42259
26955.85118,24017
53496.81857,83983
81249.53575,91305
141062.0472,194555
46852.42659,29027
52542.75418,47060
29688.44652,25104
117269.7951,202803
31060.16745,26868
42704.74535,39128
34637.59066,30655
43894.68645,30422
44541.48304,32753
39287.90311,38266
89012.31293,108688
148374.3833,189887
37183.19646,29779
38700.41147,60261
50870.82237,57952
55119.06915,41087
38689.09022,47982
58343.15879,68716
87390.87216,125747
25687.05503,23790
147405.3647,147971
49846.08644,36516
44574.73521,32463
40405.28529,59253
51534.68434,23049
41351.98252,24241
35925.90065,23910
34616.90086,26689
56417.35724,67914
48823.12437,87198
42264.52514,44664
40105.20594,49809
37703.06168,32893
31495.90845,26067
50846.64841,43294
49160.54517,55898
40264.63511,63186
48962.87288,30743
38832.03812,37996
30908.26158,26697
43091.35,65204
33429.44301,33981
53283.80964,53543
30426.44755,26351
83969.91159,87162
32631.3579,29834
54926.32439,29733
40226.35079,25837
58385.67717,43216
31789.06646,24466
32937.571,51782
43339.57913,39699
26784.29649,32253
37659.35102,24580
33172.31219,24242
44834.8855,26941
24699.93151,23149
126006.0346,136891
50925.86819,28096
60792.7113,57816
39419.37105,34564
48972.77609,22852
40371.0431,27337
80506.80428,79204
29628.77651,27354
31998.97875,28097
45759.93112,57369
31263.9707,40611
42169.87933,36223
29047.471,23872
29190.60327,23232
36419.82579,28565
41630.75053,64582
57853.88668,36632
101505.8608,117358
190932.8356,127048
47632.23371,29071
59095.71058,49290
51388.27303,41501
26853.81059,23152
50122.95732,64691
36711.57106,36328
49857.84016,28318
80557.62211,81255
26732.66263,36934
29960.2185,36350
35541.89353,24784
38734.48293,23361
43381.08069,42380
43438.13092,46427
77796.96971,36751
71672.23835,82159
33687.24775,25931
48563.97834,83883
62291.23987,36255
42740.24916,36164
55484.93276,70247
29733.0127,37466
51955.46071,37225
65905.43638,78707
26781.43576,33510
39086.57859,26490
29519.24705,24392
70617.59643,58854
66462.6345,141762
30388.25788,23367
35158.8054,31563
42779.68603,30860
27404.53218,25922
70816.44362,30254
54588.19046,49251
42739.98129,27780
41467.0387,35463
34549.41888,53386
43507.43988,27353
67816.31818,46648
45603.81515,36715
45948.45672,42768
29734.12763,27871
59311.38408,45519
46190.15572,34065
35889.92501,35379
46706.60799,41934
27841.79398,30025
40043.07111,49842
28131.82132,23301
49961.5303,35956
45019.47783,45494
30067.56409,26271
36770.38806,33949
32060.49197,25632
89627.53732,109349
41183.68801,31935
30301.83873,26313
46467.31177,27281
37623.09176,47825
78885.69763,63805
40029.37283,43850
40523.5017,44268
40452.14486,30896
102276.959,98602
26266.31042,24146
38486.15343,48163
43601.64684,43639
44260.81969,36778
36315.0296,28898
32999.70645,30921
49980.38685,41090
40295.83943,33724
66017.42734,66283
41273.56755,40800
81237.63788,73756
41791.66663,38137
74447.6235,98964
28202.42809,23831
27845.15779,32783
25830.22973,30342
42339.86976,47533
54239.00932,60482
44079.37227,52065
34088.31549,35623
48909.1792,25829
56495.56221,65428
49470.31579,55603
45683.2564,91111
124378.3235,235926
43563.04689,52442
53817.27705,54403
50425.97008,56436
34534.7604,43422
41258.32506,49709
26884.06045,29118
49066.85899,38861
31768.59291,26705
32720.60115,29841
39300.37139,29357
36511.93286,28598
36433.69221,34072
98813.344,146999
45943.9478,33452
34387.19577,28220
25063.21483,23072
55565.3631,23947
22695.92365,25686
43704.61943,29482
31845.50407,22807
141954.7426,78690
61365.43391,34796
63592.86222,103802
46571.41053,60467
49993.72521,44175
33274.00038,25366
31647.47689,23943
31599.58684,37331
68769.29149,47696
51704.99455,35299
31406.99706,23054
58108.78417,54896
45366.56841,31534
41141.37916,29100
34031.38535,69957
124208.4983,167388
32904.39358,34818
107946.2376,103441
53897.56563,49404
33130.6896,34550
28752.19373,28365
66111.52539,72837
32016.51792,37435
45817.1135,46929
79077.65019,67208
38138.14495,29225
23773.18246,25282
37391.46953,41445
47093.38874,63937
36239.39563,27145
50428.01996,54638
40978.111,34347
51200.77952,58722
44136.2517,50332
54077.60224,60365
35737.18515,31944
23019.11145,30266
51946.21664,32627
45329.64798,30560
36429.48487,24779
37872.40195,30893
35831.92852,49253
39440.75965,27017
32445.03346,24297
45159.87079,87546
31954.49489,23830
29570.964,33205
55629.05657,32473
43529.27915,58308
53320.74722,84774
32808.52573,31985
58877.16791,90499
33387.03561,26518
35848.30189,25840
27293.81444,25002
48869.46236,47014
86094.76436,133474
50226.51778,51026
27207.27015,24305
34154.15739,24231
51052.60027,52161
30157.94471,34345
37138.586,58131
48720.70446,47589
33354.37261,29613
51114.06528,55457
32494.18373,26762
91514.03154,80790
32241.24794,26334
95965.03932,114954
54476.03425,29404
97126.1439,114622
26005.70397,28858
58871.51559,77321
39975.14988,28136
47270.65852,64170
61969.35897,46890
30930.25865,32135
45458.28998,26128
99009.09989,93042
57731.75445,48005
28961.64498,23238
35450.12903,26076
71538.03499,73420
35634.94839,43305
101916.6978,38079
46852.60875,50274
38881.48099,30039
33881.11394,40598
59872.04005,50726
30131.43873,31486
32688.43814,25519
49635.90144,41549
29520.52352,24427
26742.78356,35179
43815.73327,40222
34412.25421,53641
32093.80229,23823
51583.61544,70254
49838.19179,38785
37785.31951,29332
48605.48564,32813
34866.58203,25167
59115.02424,42451
36600.6226,35727
30267.88093,24534
114685.6895,132897
55321.94829,58955
33654.37377,24330
77456.42332,85649
44225.3582,37232
24479.48288,47825
46275.68154,30903
27628.8991,27168
28544.71303,27872
43107.71292,53256
62539.39559,33435
34843.09731,27918
26972.01375,23983
61690.66469,94417
49808.25729,49280
102387.1221,123948
83582.57325,85285
33730.45673,40993
28398.86646,25532
40206.53435,57639
22674.35419,22909
41606.10898,27106
38489.30495,31148
38178.07566,27318
40944.90409,27808
29068.70884,55423
42074.43716,37773
38986.97545,51406
31639.25374,24498
32948.98271,26031
25619.08739,34659
43282.74766,53660
45821.21073,41495
35258.58042,28048
86267.52734,87614
39696.74581,31518
148665.5115,212105
31847.01611,24952
77061.10823,92731
30209.7102,23447
60154.73047,51358
32687.12686,38051
30629.25567,22736
26144.16625,24939
69836.42373,234640
33453.34317,25750
56590.80163,66245
48189.16939,84176
69011.8295,47077
115478.2483,125449
35283.75765,27798
37970.07971,38691
51914.06615,49886
41073.35177,25858
30185.37858,35520
28521.01116,23821
34565.39971,28897
36604.2193,27757
37555.50694,23751
54198.24466,59949
46048.20197,94696
73775.1618,83527
60490.15659,35672
39621.02153,34698
34592.86475,43498
47931.61459,38555
33189.24413,45236
83580.94685,76700
30423.7213,31069
40185.10329,23187
37468.16151,42113
31568.11379,47773
42517.32711,35967
91253.66712,62724
39090.87084,41534
54392.6385,56678
73652.41963,32574
39894.94663,37940
81909.51879,106359
50272.18012,46757
34224.8453,34471
31528.20722,24237
37025.03484,27048
75704.11011,45632
41082.80528,38302
57371.71928,106147
35047.86164,23242
46580.82499,77445
61669.70206,115646
34042.88358,27069
28212.95581,35773
37535.72439,28957
31086.71651,29250
48954.809,43512
136421.095,212193
62101.24518,74462
105989.7698,81727
36246.5164,29529
51699.89969,36430
34631.25723,28082
40712.6259,35508
44953.81053,28852
61581.39932,57405
46685.18549,70581
38878.76516,29752
43461.88257,48216
39035.79649,35218
54631.98708,38616
35095.04777,24249
30492.59257,23743
42448.72532,28863
27616.3606,29211
41466.29481,27995
75778.55354,66629
38372.87909,50204
58856.93992,72029
47656.31112,54963
39991.83198,36606
59879.01044,51073
34244.83064,29726
34090.35225,23836
44579.03524,34083
67584.00546,51722
32980.98558,26458
28350.02346,24309
56714.72064,82079
42739.28864,22861
34668.02731,27501
31385.91354,35008
29188.85494,47007
23355.21993,25906
38771.3592,26418
42738.60543,36106
29897.17529,25262
66495.54773,98184
42932.77295,32639
42590.44374,26864
75875.51865,77345
35785.93308,36182
39368.8463,35119
63079.18888,72371
22442.18676,22836
28910.31649,22814
42476.59847,49777
28670.6208,25213
32708.66415,43154
35093.00801,26062
46217.94372,29543
31801.83353,27712
33186.10394,25101
47995.59603,71299
88081.47889,75140
53756.53612,58137
27219.1783,33947
46129.83034,34898
59488.84364,42088
58111.99126,52014
45641.53299,30467
43922.87574,71630
35910.7347,25712
73105.25563,82114
50899.27286,56114
21251.05046,23295
48384.25213,37801
26274.59835,23406
36434.32635,40139
46847.8279,55085
31624.65614,30598
28509.65635,26075
39185.87296,44871
25652.48697,34352
51831.02529,48124
42903.03814,32989
37702.69023,26263
37755.39238,38458
49853.81438,100500
63477.57515,70960
32337.0765,35823
48689.98682,60613
38510.40496,22749
72196.24539,84941
25992.59612,27376
29992.37577,24344
46300.80719,31050
44057.69,52346
56327.51605,47544
37454.19831,35880
34773.27389,26750
30121.02997,30697
84184.33758,49743
42390.15964,39891
51281.9708,127959
52097.5727,68460
113682.5201,92104
93519.23937,101903
74352.23569,185062
45860.43375,28562
32711.43057,39129
42792.59112,42592
43116.77071,39233
37010.6266,33848
86109.82085,39356
43065.5078,45325
44939.31927,39121
42161.11262,66194
102800.1514,124158
66262.32064,47899
83159.49829,79237
32844.93919,31096
69574.06818,42980
27661.3006,26684
31573.5448,30882
40489.00924,35614
31774.62612,31780
43795.22577,133485
106910.2744,90957
77888.44134,105114
63726.04646,78382
39107.65931,40555
22536.04223,29098
41759.37892,40162
33990.03378,40306
31395.16892,24997
50341.5278,36756
28926.50905,30217
108837.0143,178706
41625.56508,23411
61274.29775,114821
56268.84662,94622
43405.38756,37265
38259.89848,25425
50014.63597,36659
52158.5832,62041
51343.00006,30667
48668.86466,44661
91598.95711,39053
29246.38288,23748
47544.90035,61924
55339.92897,27490
45375.94991,47518
21053.27764,26047
43061.9599,48259
45141.45304,46907
52418.63172,30888
45025.37478,47831
34906.03156,53088
45534.85411,37484
58046.45726,55639
42143.48006,74777
54681.9799,75935
193946.8061,101218
33232.38817,28632
37761.38451,40922
41072.55719,25492
28935.75741,42458
91217.05121,67182
43602.04689,25061
41678.51784,48301
39905.02146,36435
29102.70605,28508
95207.91837,123278
58052.35964,50016
59192.24422,64161
45254.91121,49196
33769.19263,60761
68164.02041,122790
48248.53032,28808
29872.4869,24172
35525.2067,25182
57166.49992,132834
56313.24761,51766
81856.10037,124513
32959.48672,27707
28191.81513,35723
37513.11213,32403
65015.38806,36328
74881.9088,75822
43394.03084,56270
46077.70767,61959
30814.36412,30427
41286.14787,39487
37239.45407,31239
35641.22553,27033
74337.86691,53098
36365.66649,26964
39249.41005,29794
34436.908,27945
186376.3193,181879
41016.93431,35591
35559.54201,25295
39265.12967,35061
26750.44008,30022
48247.55395,38450
41697.2847,29021
35065.96883,78939
55071.55832,76669
30529.59937,32198
38819.99167,39824
32981.79066,28336
36197.43179,27631
75752.00598,96529
33643.79246,25039
34618.35489,27287
34496.29428,31621
44706.10393,37474
49353.96694,54168
49116.97602,65725
27897.03944,28122
33935.61082,27628
42528.33814,49726
35639.3042,27733
31942.07112,23950
59357.69773,77090
71210.24189,80437
52147.41078,41463
36394.67812,49373
32279.7283,29623
50548.5234,42859
35219.62587,30597
37917.12756,39541
66908.373,62499
72084.26857,95792
44314.7257,71313
85055.06206,116303
52446.20998,46664
51455.50898,57579
35491.5334,30335
27081.22348,25395
34599.54727,25571
28075.62881,27507
23346.9897,22787
27662.75755,31149
30967.76807,24020
36230.14905,34153
45644.53276,23875
40261.36993,37640
33102.44713,29495
28649.7249,23781
99503.76631,150149
74946.88944,71841
104455.119,76760
48710.42974,45034
44454.30917,28810
44578.14414,32660
22025.62631,24154
87954.70164,140272
37264.21735,23533
51617.43142,23206
102652.5386,82213
32658.43007,24835
34659.88895,41756
37300.77846,23911
63671.34303,70409
80794.48421,68771
54942.99767,41439
30972.66822,36046
24566.52732,23062
28029.88284,27841
24345.00695,29421
30309.75614,33396
43921.72103,23247
89248.60472,151008
28875.54044,23539
26763.66008,40622
34818.47541,53596
31812.25384,29650
25516.5474,33769
28328.08231,23542
62507.98229,84694
31759.78389,24081
39783.90181,38823
43843.72744,65931
30143.04667,23418
32179.49809,29501
47993.08113,44092
65296.30509,66010
66484.0005,48376
34670.67223,22905
49812.29622,33748
60347.58321,45051
53199.81064,33332
53830.37776,88668
49651.51065,38182
27516.67688,27368
38136.06406,55774
62474.30863,47148
30151.15516,26074
39699.1643,41272
39099.26777,33148
29013.29797,24472
42912.60758,39680
52884.36295,48356
55805.12673,47274
31199.6034,35828
29889.03694,41394
31471.29739,33996
106590.1243,113789
39415.15951,26718
42220.66529,24535
62710.33796,53808
33089.67113,49091
42679.3126,24131
37294.42111,41551
41331.08749,26306
55411.03648,42124
50555.33175,58371
36787.69775,45421
41298.44944,29768
50381.00892,74049
55866.3424,24509
39353.42693,23778
42359.31315,27515
44810.29455,44962
28648.73363,22770
31746.65363,23766
39705.0559,32919
47010.52897,36218
47108.47964,26959
36647.26317,39580
48455.51011,75234
63628.9078,91310
29818.46099,31071
112823.08,51094
23433.99868,23181
36443.26654,46396
23042.49874,28121
41834.52353,30103
38838.32757,30488
49793.06873,29369
62575.32116,49901
270298.7754,213829
88936.91263,155694
29242.16142,28151
38428.12837,34258
52299.41576,70441
55892.63234,68701
32368.13671,28134
35870.28272,29363
45337.34278,24298
72605.09711,73595
149412.3255,123509
152281.9046,233688
46365.91659,42799
38704.73796,31338
38119.00631,26873
38549.25608,39598
36747.2713,34983
35445.26222,23832
29558.99548,27574
38063.61867,30424
33231.46418,27242
25928.88989,29995
31246.21336,31077
47211.36214,43657
42060.61402,31642
32933.69889,35656
69346.93991,79309
63833.06855,71585
33793.78473,26311
53068.14226,69228
30990.68418,33142
38569.08281,23746
37016.47734,43223
26652.35945,35284
70532.57783,43805
40367.65972,37925
40778.95608,26357
51954.33824,64752
49625.42459,36419
87072.82583,127987
96598.83013,205506
64131.64735,94230
36452.08236,35292
33421.48413,26705
53913.37092,34209
28636.35222,37963
46821.25743,61477
69494.98619,94369
56085.06075,55166
86966.6802,91657
41474.94242,23646
38558.79938,63879
43288.77261,95849
54165.49404,61163
45991.90606,66778
44444.91791,48422
48241.33778,34976
30729.31676,43497
73186.05849,77369
107058.4347,173501
49699.92824,77861
39799.56831,26554
46506.85541,48689
26910.00781,23701
46935.65996,33208
59055.4095,27494
35372.62415,29833
28762.86361,29478
33805.53161,23948
50618.62544,55607
52602.06667,52805
21071.75632,22798
25709.09089,26229
36383.47924,22899
25080.70058,22881
49329.18524,36621
33900.48439,29239
25280.90843,24750
42091.46354,54223
37434.30193,31781
42282.90286,53854
36848.08514,24369
35573.85623,31704
50428.55722,42975
49866.79643,79603
56202.93453,30715
29242.28401,59451
43798.61499,30990
75506.14942,113376
37025.11934,36691
35488.79137,24553
64595.10345,101345
32389.22432,23819
81176.55331,87543
27324.18247,42837
46117.03033,41920
28765.91981,36436
39601.53362,32053
44752.18436,42036
153289.3027,152719
28111.37973,24288
35510.25869,23441
59445.34647,25081
39074.19528,43913
52275.46551,55487
37918.52402,26856
24595.30154,23502
33032.71816,24541
39157.15059,47960
36891.28576,30968
48692.50898,32750
39886.87995,31806
59078.56863,87867
37258.50536,24122
84406.04693,91369
30499.34849,23578
59671.05634,41602
28978.93987,23390
36392.73309,48973
132628.4437,118647
44708.36849,43387
50460.51518,26348
154704.6387,128105
38175.7875,45157
45499.38696,51302
53089.86695,67675
29000.53551,48281
81974.31445,78895
27900.4258,31570
28982.43011,32363
55141.43899,39541
34041.34323,28336
27322.318,49119
36661.3715,28441
29124.61262,41416
41406.60425,28284
63084.01612,145373
19916.86769,24514
30118.13088,27428
54281.67781,59485
37695.96287,32554
36067.97036,24540
37756.6513,82446
59339.91984,88817
30712.34936,35793
52973.80518,39892
37875.43764,22730
28073.89429,32600
62167.51705,63324
43244.79921,35514
41272.43947,35582
56673.2085,73385
66133.79426,67934
33880.15163,41345
54206.89093,109468
46680.1727,35151
37157.90607,36303
25123.97114,37400
30134.2753,24898
68240.54267,137960
30707.87648,34763
169759.6053,109646
42326.56911,43085
85665.16958,91492
50764.99771,50488
37329.37513,26672
67972.76106,49404
35037.75955,36863
50341.795,42844
52282.38522,69031
47134.31161,33490
35874.31417,28941
56041.48496,29173
28662.05992,26445
72865.32853,106431
52148.55052,79216
41537.16844,24124
32808.68633,26660
41275.89658,49131
32761.47335,31613
57912.37078,29787
51017.91258,31026
30649.6717,30460
41011.54192,49685
38300.94322,41530
39544.88337,27470
36505.76027,34706
29811.48276,23741
32456.94998,27638
33396.77643,27353
60954.45172,79718
31775.44558,32498
38795.26962,31301
40400.63179,57125
45774.18536,35215
39095.94948,30224
59521.86881,81344
37653.10281,34805
34787.18872,25525
39072.25354,26892
58778.01881,57422
45404.77839,32891
163282.3384,100365
36900.57314,35969
59589.83644,140147
34965.16814,24737
35052.62178,27589
38218.15585,28737
46815.21791,40156
30419.76005,30351
33328.75812,58708
28265.32939,23404
107986.0433,57840
25589.67842,28574
32154.8543,32795
24551.37968,23321
25950.88242,23467
33704.97682,29175
63482.7239,47942
33743.83253,29619
34210.76315,33696
29255.62888,32840
41587.18204,44802
41616.84564,32108
42089.75551,45848
74280.53775,61756
57498.75802,38093
45457.24499,33960
240223.2948,157683
34208.9868,24361
37518.09656,31492
41512.8643,30429
50910.87142,55700
67927.28544,82287
38011.76634,58443
40215.09326,31127
27141.25935,26749
44869.97664,50068
29193.73678,33853
27938.55749,24527
36255.32503,29574
36862.50615,28015
43626.44783,27744
37982.79525,23427
30301.53121,28960
68095.28126,50407
59738.53302,26000
45019.32055,23259
61206.24909,117595
37425.96258,37344
38942.82766,24042
61153.81681,76089
86182.363,162197
36503.02442,31337
56083.48446,52759
32131.98764,25342
44569.00822,40175
48737.05075,33119
46700.89194,43620
39132.76336,24964
54752.62739,65913
39085.25793,37964
55353.4858,40084
80484.04801,71118
35899.9526,48260
45475.28015,29301
33751.11945,26912
38724.21484,23032
57923.30786,90567
77925.31075,95813
34221.32032,27138
39288.97871,47253
88863.09783,106288
34828.39405,24372
38058.79315,37116
57721.38783,58285
55469.97124,52210
26359.92639,23516
81233.99222,104432
39789.36024,33688
29502.96582,25969
36241.03093,28262
35601.68564,23069
50163.58406,91284
40982.30726,30647
44578.19325,31999
28258.817,34869
26861.66876,26051
79578.48728,74996
28529.20091,23750
33515.35483,35974
51256.97801,158454
46656.36985,22783
41611.93473,31312
63636.75124,61221
51420.11086,28565
48667.87824,47129
78107.20021,111167
26164.53896,29016
39718.89621,55493
53721.10363,58208
65883.9367,28057
27706.75562,29548
60684.21943,82803
33310.30784,53672
46545.95873,96783
61138.59111,24536
29493.20283,24909
52696.26608,38310
32497.97931,25178
45491.66894,42362
86000.72222,60107
83435.47778,92260
31212.24463,24670
41849.87961,45714
31267.09196,45668
76282.22999,144297
38156.00008,31454
51683.59204,41101
34509.07686,41435
34872.85786,32198
31058.44853,29402
48876.72102,36828
34254.97528,31535
31946.01939,30054
38102.98169,31262
58018.69315,71329
54239.47791,46570
36706.66671,35307
31871.01899,28446
61835.96915,61473
34844.58724,25278
31267.94458,24103
33322.73934,36890
54179.73875,60251
32065.39839,43923
37566.34957,24112
52011.84011,24867
53086.72769,76532
32717.95356,26105
36835.96159,37289
47833.76095,29517
60491.12682,102538
69785.73909,38582
66375.06785,47270
32003.59466,29646
37901.14484,25537
39341.57596,29296
30387.26258,30853
37249.32135,36290
36014.06706,65774
43016.87783,24672
35893.51717,33793
40839.91364,47046
36134.27893,25516
31629.34723,24768
44156.30871,24195
45096.83486,49122
45143.43034,26972
36921.50719,39793
41775.24398,30315
23779.47177,31810
41958.09129,28703
40197.37412,33672
43934.92771,31145
29068.9356,30543
86416.09926,60826
47156.78925,53082
31065.68847,23407
46841.61819,27222
34113.25819,26672
49707.10027,37052
97861.66094,132819
26200.08715,24299
27215.24298,35987
34721.31257,29108
50581.55805,29939
66154.28402,99544
50541.03661,49848
32992.74581,33028
35829.17929,37363
53881.54086,31635
78021.70672,49201
44575.91388,30372
36768.42849,27527
45085.65954,47086
36421.12529,26451
31919.07336,23157
34979.3498,23166
37211.38173,32728
32416.53401,28047
45154.96771,31762
33371.01654,31487
44713.26863,34469
35901.37055,40427
28085.59887,24966
25762.77115,22903
34834.16165,23899
77722.58603,156171
38091.89726,38624
40911.28924,25906
43283.82233,55328
37563.45379,25885
131491.3418,85425
26479.83911,29443
27599.63991,23805
48755.71869,86667
124357.3753,118753
35862.34689,35784
33648.35338,26820
59622.94087,49542
36854.67117,31941
44658.70345,104347
42060.28351,32628
33520.02801,25275
45258.72143,91160
46412.88525,63325
40690.50422,63101
33973.97166,25200
43827.97509,47583
62746.37449,80176
97286.07811,82969
22063.08726,30980
36038.78182,31946
89649.12129,41358
33892.13481,48015
92100.17623,85938
52757.19148,37944
42131.67018,28710
39699.34141,51069
56932.31446,85211
44019.64537,40538
40070.12401,37048
57955.861,46599
32106.88343,30523
30577.82931,25949
25856.63583,22880
29820.12666,25940
35331.52118,51711
115952.4008,120905
45146.68833,53150
38277.78434,25644
23847.93966,29158
80691.34318,109324
34025.11602,23732
29950.67722,23334
40212.03248,55576
44534.26612,49522
75523.42771,107111
44368.29602,27567
86521.52067,136864
35563.39881,51578
59388.02566,59319
44653.03992,51307
48341.16348,39702
43912.94974,54873
87236.91895,94810
41123.9779,24389
35384.72299,28053
34814.27609,23067
34893.803,25120
37025.40394,31172
41957.18368,46386
39474.45647,36492
39218.95376,34666
26620.01845,23395
34585.14071,37035
31160.91857,23187
38013.45974,45023
49299.31415,50984
34237.60965,30230
98755.26383,79406
37910.98582,43736
102830.0427,53258
40330.06187,51471
61125.17737,29867
35182.59936,33380
36101.00238,26957
34299.69138,33270
45816.89602,23016
65325.3839,112821
34659.44605,25394
32031.31319,39541
21153.08437,23121
42801.46678,34321
30606.65326,23756
35370.05691,30036
48161.21955,82541
32097.02081,23744
38506.58278,34004
33578.38151,36686
39351.94272,29096
39458.52637,46074
28573.548,23247
28200.94931,26370
94060.69546,92883
27952.09048,32127
49495.85085,42451
30376.50731,24017
80572.8498,116262
39652.95657,33769
42098.04776,38680
39498.63414,39254
47732.63721,60937
37562.83682,34835
186406.3987,121416
32582.448,23708
104624.6696,87338
38667.76364,36119
30338.79666,24726
39942.03845,33044
52859.10647,30622
62394.76251,51920
36781.92771,41969
80881.52512,97908
38218.91556,40470
34638.04892,32020
88918.48122,224298
43718.04689,33501
191552.0323,181991
54930.99591,29039
32920.61274,22877
77471.90526,86365
33651.77635,37733
43078.46909,38488
31244.2582,23609
36242.07117,23518
33730.3426,24080
82282.08104,64714
95072.72244,81589
43590.27753,34883
30131.26042,23014
26357.08205,27745
39041.49326,43620
41429.21181,50043
37505.30344,27486
33001.48055,31263
51876.14885,75507
93506.49881,93785
37387.25233,37602
49505.09135,49300
36016.78068,30530
33378.48158,28716
37459.94957,42861
68814.70802,53874
55552.78487,48253
29528.34251,24446
59233.44255,28495
123151.8273,96419
38233.16027,44357
27510.35508,23234
61158.3455,32340
33476.21124,23985
35128.00341,30559
67993.25907,84444
34133.89622,23763
40579.22914,53847
25231.94849,30718
41569.87289,51751
41243.60952,32483
40167.91839,33054
31929.62046,27360
77289.55978,44320
92994.65096,87862
35564.75241,44799
34258.02667,32141
39284.31301,43935
34646.84177,44530
32242.44202,31022
52350.44991,41668
23798.76188,23785
31690.06559,31297
123161.2565,144422
62561.03066,67958
30792.85786,41724
46668.77407,32770
28658.02902,27448
42549.28012,51493
34389.25205,30373
28470.53116,24972
69995.9197,32644
35557.27265,42839
67873.54134,89415
38569.73481,28804
58408.9788,53769
32642.87488,28684
37754.86978,36920
40746.5698,23251
72107.33146,84992
31961.81824,22804
53865.58249,76156
31808.42469,25869
53648.41303,43012
38490.26029,24405
44302.5301,47150
118110.6113,58131
23483.30388,25215
34510.65813,28395
29477.48131,24219
57148.97349,64811
54189.88932,38517
126450.6958,174070
46367.38955,44083
37773.71645,23824
26409.67577,23433
25580.66561,25557
36384.35922,28408
28577.50657,26931
33975.8761,29239
45894.67113,40355
41473.81674,33914
34004.00322,23299
41971.80322,36991
45415.41746,41895
66277.27369,81051
32173.48618,33395
49760.8023,44372
33208.77713,29239
52689.14358,41170
28630.13658,23242
37042.38864,31747
33320.05124,31060
34371.80533,25073
86434.43124,130257
36141.71851,39139
29003.09659,28354
35857.34996,42813
39554.66525,41455
27907.16745,25049
40347.30051,45413
31790.44155,27885
41380.633,42264
54896.08235,40288
54218.09312,64763
30351.95089,38992
35864.93946,35791
27049.85478,24202
29033.20224,23994
137185.1106,115964
41284.39151,64861
38847.90406,23315
60787.84396,69581
37438.26511,27081
60779.71186,30601
30918.20278,61053
28582.40817,25817
28157.32304,32804
27197.33017,56067
30372.23716,44808
40250.55305,42799
50137.79837,41480
56027.15527,79178
52593.99327,44988
27975.62716,25370
26388.28312,31369
110145.5132,71486
31911.50696,24184
32605.50429,37737
25979.08576,23655
36583.80093,24560
42862.00455,57235
38839.66749,27174
37019.50629,25704
69983.95264,93307
37508.65101,26944
51821.17829,51192
64172.70831,64944
53748.14873,51053
47021.89677,50614
32498.81772,27189
41841.92435,34125
31125.66416,31647
76095.53461,73105
45494.90759,43164
30329.90973,24562
52255.56768,71054
68623.00067,111291
70172.1843,74979
106585.9984,154864
74419.15138,99121
115740.1145,131790
75158.88119,45513
30037.75509,23231
79860.43283,94026
107541.178,113261
55287.73084,55752
31255.49507,23831
32465.49528,49452
49200.43249,138320
36540.44016,27030
79662.11922,120930
28767.86874,28426
38499.89094,37132
38596.3222,31495
35313.41024,26706
67033.28839,64660
89197.29076,108023
34894.29951,33311
26915.38587,50731
33995.97298,22979
30410.36263,35324
123353.8389,77127
64711.3874,70008
41041.18172,35330
51625.82671,50000
66774.52234,64820
40143.93024,38855
35885.11639,30412
28730.55878,26210
59742.85397,55350
30074.23133,25588
29817.90852,24364
49345.70201,36232
30533.14514,32680
28039.2321,24201
59764.84836,83326
58411.66976,52339
41643.46751,41483
77164.37051,70993
52217.29606,39549
34852.98611,29525
29427.79145,27239
38708.32184,61890
39639.26229,31596
36848.78537,31688
28853.00736,34077
32237.10045,24568
30908.65327,23309
90088.12343,48116
36989.27088,46317
40340.83092,39647
112789.9132,238028
38132.37688,39913
39875.86786,58294
79341.84385,104138
36640.36739,26417
54831.84236,55777
33335.96804,80853
53059.25417,64882
53724.70038,61473
40202.17894,44352
39729.4227,54070
26028.96112,27339
89266.82336,94202
34607.37667,39760
28281.35579,24205
44551.73884,31143
41709.18369,34945
45774.79253,35305
47398.23526,31763
30837.2795,35915
33994.51857,26491
51027.70244,41051
44968.70725,47633
84041.27825,57471
34692.70387,37376
47337.11767,30542
45615.43779,38083
39146.05834,32085
71208.6441,77312
48467.14812,61776
63126.61774,77392
34314.48748,28576
41524.7777,26515
40616.8522,26369
49709.72322,39499
98116.97334,83232
94697.47074,33349
73082.57854,83301
32001.21976,25033
35198.61056,23716
30952.56375,30198
31600.02766,27291
52578.0403,63341
29890.59948,27471
32361.18566,51383
39462.7258,65388
42582.92102,26875
35652.1351,32131
48234.8907,45670
41636.13672,31190
48150.01053,42600
39314.51026,31055
38947.74344,32128
91306.36405,96712
34467.54881,31644
78617.56965,86243
38916.87234,41607
66243.69233,112559
33627.6161,32449
39747.51891,59838
38112.95966,53587
45119.50794,33238
39414.2587,29745
36896.59411,32386
36106.26396,26841
86027.82543,123107
23878.90667,40644
58442.20595,46201
41196.32829,32205
43386.52705,33649
52136.04458,26281
40696.94639,37096
43981.74229,64382
48205.15558,41132
49500.49105,46416
56632.57952,24141
40955.38944,40622
124535.2586,156444
48150.1531,42674
99369.96169,136272
33838.34187,35330
37668.87561,31251
23988.92173,24819
38611.87291,26176
36403.9873,37229
35055.7802,29857
160242.7487,177019
59682.69548,68245
81264.29285,69539
49381.37771,53618
66107.30835,56303
112786.7019,128106
43495.86324,39089
30176.97771,25745
34327.57344,34599
29982.75345,24749
33441.92225,26386
70807.0982,116602
36338.81531,60355
29160.41544,23943
26891.21185,26596
33349.44842,30025
72546.64285,22739
61429.12878,72557
142191.5481,163917
45556.47878,30846
56654.01399,60975
79658.49659,116029
46110.44083,32279
67492.57792,33585
41824.56317,24399
35108.17535,30442
52513.29731,109130
29978.17807,27052
26151.73506,24882
41742.20631,35408
29386.13327,23901
39595.58764,24993
96431.97736,103106
48448.0669,28516
54397.76846,81323
41871.0737,27349
34614.91757,30776
36827.34741,44150
49491.71158,47703
41501.947,25109
39588.07967,26741
37122.46053,23175
38329.60028,37281
55689.90184,65538
33368.65275,30392
33086.49516,32249
37587.88919,36116
25459.06793,29640
47562.22933,39707
29590.86579,23035
49401.77874,33572
34781.65522,47462
46433.10502,31807
35598.7173,24411
58369.87007,40316
35766.10632,50776
147587.7787,195350
59799.31142,47510
52310.24447,58001
47407.01687,32717
48909.96627,43111
79256.05682,72854
89097.01343,76954
52858.71829,59641
59390.53143,73648
42550.16432,67022
36109.32576,22894
24518.65965,25344
154058.9241,122751
46276.8292,38434
83212.85651,98159
41807.58991,36383
32425.18644,30065
66342.43278,70094
56121.68779,87733
34536.62974,40815
38291.36304,23632
58132.05586,61246
32013.32069,36994
35240.01354,29036
34656.2925,23711
44850.47102,78134
42456.57956,37483
29866.49627,23302
37159.60963,40563
38829.66048,32372
32395.56358,23150
57673.59763,56745
27145.92319,27765
82348.27193,190430
56017.37891,39269
60711.00203,66416
53576.82029,64331
34442.44478,25885
24150.38716,24015
50230.92387,37084
28745.31544,26817
29575.35095,25547
43328.79564,46054
32127.74277,31956
25012.66242,23221
34366.633,35268
38017.51684,42473
30981.42993,23420
26031.49332,30116
36094.17306,27227
34946.62678,33466
75468.68293,121695
82016.07821,40129
46217.24679,30389
26727.09303,23943
35352.60525,24789
24919.0101,34015
46371.37388,46934
67541.98485,52691
44452.69123,35020
31593.68804,26611
106388.1387,160135
68264.87092,49492
35009.66045,39133
30352.07572,25064
33616.00084,33653
27458.95322,26162
173448.6554,182678
37868.95115,32877
122529.7546,167232
49416.26481,45959
28895.62098,23683
54991.19486,91846
41369.90397,49737
33475.50358,34318
29940.56991,23592
72640.42376,52351
38169.88135,31697
42473.07025,29389
32041.90271,24351
44535.22541,29901
57007.02214,53528
96580.48943,91228
29634.23503,23011
51354.46563,69109
66065.95009,91278
71898.056,41390
31810.78375,37360
30064.72423,29134
48548.31169,42926
29556.8992,23050
48145.86051,44973
53830.82854,40399
37039.02026,45239
32009.81817,23665
27356.10481,29219
52654.11743,137562
83697.64747,76636
37474.70161,24341
46961.55519,43258
49445.35748,41367
138898.0848,133487
46221.68986,62898
33877.29038,36690
35020.49339,24256
26508.66418,29324
40084.45502,26182
50547.07217,84072
33640.15299,39931
46036.51534,54340
33596.47693,25506
79432.01946,29823
27083.77636,25741
66117.37174,41928
32100.04195,37780
59872.01719,102962
83465.73336,92859
30927.24536,30756
51368.24291,35551
38230.36401,33094
37275.92438,35732
36451.38638,24791
52377.40632,85681
33158.3341,24001
40981.46518,28652
63279.57081,63683
80326.97418,49145
42094.29825,29751
39158.88957,30895
50400.18183,32425
39636.72021,31441
59958.96605,53844
32520.47363,29429
35424.14737,50648
30048.83689,26709
41475.68963,37131
54065.45308,39791
24716.45419,23183
32892.94797,28272
42716.53532,29846
33840.37404,55392
32702.28453,36221
62994.31486,100313
88949.92905,140452
55308.58838,37350
40043.9798,42922
50443.40255,47566
58338.48101,67905
39705.18509,45465
42000.21513,43781
64646.87059,91659
57586.84329,60853
40327.85168,24211
35282.07297,23678
28414.46935,23857
33247.14383,22916
35279.02069,23648
38151.78522,34157
41695.94073,26015
37600.17998,37086
43858.4693,27545
37230.05822,36452
62955.17394,76886
62966.35061,75325
39098.26995,43165
31992.38645,24579
36570.17036,29492
32126.5998,31021
55909.17116,60704
24526.23825,25204
56336.47809,45353
19081.30841,29772
38201.68943,80364
31455.72024,35142
50547.20098,50471
48577.19313,52252
38224.82447,24880
32776.143,37089
32631.59728,25606
32419.50451,37031
36902.35314,30477
34655.06507,85987
33245.69722,25640
48101.57347,61449
27527.21613,26264
48647.19921,83410
41872.22477,28909
31845.99675,22791
215206.7219,143840
60246.55189,69688
30959.26046,44118
37586.02892,43372
49818.91205,32403
58915.08057,53207
44861.37852,33645
26894.24707,25858
43603.93751,36015
33679.52686,28665
42929.62148,41452
53683.70186,34148
35931.26158,27691
36341.8032,26841
36226.25187,25328
38980.64634,56385
67492.57627,51353
52172.24961,61094
39505.12815,31804
42909.42319,39092
68160.24059,74432
30023.05515,36254
47914.59346,36571
28523.77905,39482
50715.81641,42431
50466.45607,52781
32781.34632,23390
42274.52431,35429
28584.97535,28879
43266.33711,78346
44612.81,95642
71954.63475,95796
55198.47786,55641
36780.34061,27783
38364.45176,42399
65901.74248,70594
39422.37002,24134
38884.20393,27234
132481.8293,163816
33907.1178,26076
43671.61667,23535
32201.19612,28468
54787.37999,25849
60227.30655,59605
22306.91284,26803
69015.91934,81803
27684.13204,31000
23039.83664,22845
30633.80797,75665
47077.49578,33401
62267.45554,54124
68796.94708,87996
25439.65995,25780
38874.87984,48126
41436.09547,34906
50639.29832,56062
33394.18298,36936
41639.12534,25331
44246.48625,45979
45694.0318,31630
35755.92657,23444
49081.61982,50493
49119.47707,67200
62854.40523,101113
65627.85731,70657
36208.86054,28285
30425.5205,27512
63648.26691,50700
45517.21672,47383
31868.45595,33346
44889.04458,56188
23791.35375,24292
36199.1846,25686
40034.31736,24141
39031.32288,25405
35392.68817,26894
53566.63556,63046
66606.6956,84008
38373.16194,35500
80559.3456,61311
37712.60195,23368
40328.05436,47397
33375.97599,26263
24635.88009,29458
49207.71168,35558
30073.35232,72904
76904.30953,114540
28924.88542,29791
36033.49036,28812
28800.99524,34412
52672.37005,53814
37612.59216,34843
28753.86155,49218
25462.96053,29388
35377.99576,28064
36044.80965,25634
36956.67006,42062
30704.24649,37962
51277.78552,30890
39004.55044,30864
61509.41416,63518
27655.80755,24385
34500.0707,23417
56536.24,69922
29996.72752,32676
29837.95163,31491
37756.86532,29876
42341.89335,25338
66909.18265,56533
51441.45903,57723
24908.78272,29329
35715.80152,39110
29138.23888,24129
71268.71253,104368
34691.51853,28472
35231.21358,32478
39566.82921,39743
41027.53049,28240
32646.34123,29052
37146.12876,54091
41355.58379,39180
56685.28316,58235
26986.19317,33298
43533.92992,38966
41681.11737,50670
39275.36922,43218
75376.9428,57077
63313.06104,28531
